{
  "input_file": "data/eval_wikitext103_test_shared_250k.txt",
  "model_id": "meta-llama/Meta-Llama-3-8B-Instruct",
  "model_variant": "original_fp",
  "compressed": null,
  "raw_chars": 992803,
  "tokenized_length": 220600,
  "block_size": 1024,
  "stride": 1024,
  "batch_size": 1,
  "load_mode": "fp",
  "dtype": "float16",
  "add_bos_token": false,
  "cache_dequantized": false,
  "tokenization_stats": {
    "read_seconds": 0.0014331340789794922,
    "tokenize_seconds": 0.6358513832092285,
    "raw_chars": 992803,
    "tokens": 220600,
    "chars_per_second_read": 692749558.1620363,
    "tokens_per_second_tokenize": 346936.4160011759
  },
  "metrics": {
    "mean_loss": 2.2097912500713908,
    "perplexity": 9.113813686495874,
    "bits_per_token": 3.1880548778778186,
    "top1_accuracy": 0.5313260712877211,
    "tokens_evaluated": 220599,
    "batches_evaluated": 216,
    "windows_evaluated": 216,
    "processed_windows": 216,
    "expected_windows": 216,
    "stride_used": 1024,
    "evaluation_mode": "non-overlapping",
    "elapsed_seconds": 37.464736461639404,
    "tokens_per_second": 5888.17701215846,
    "windows_per_second": 5.76542157773257,
    "batches_per_second": 5.76542157773257
  },
  "total_script_seconds": 50.92373299598694,
  "cuda_memory": "allocated=14.97GB reserved=16.24GB peak=16.19GB",
  "compression_info": {}
}