{
  "input_file": "data/eval_wikitext103_test_shared_250k.txt",
  "model_id": "compressed/llama3_8b_instruct_elsa_s80_v9e_4096calib_seq2048_kd65_top128_cleanup1024_norecon_exact80_fp16",
  "model_variant": "original_fp",
  "compressed": null,
  "raw_chars": 992803,
  "tokenized_length": 220600,
  "block_size": 1024,
  "stride": 1024,
  "batch_size": 1,
  "load_mode": "fp",
  "dtype": "float16",
  "add_bos_token": false,
  "cache_dequantized": false,
  "tokenization_stats": {
    "read_seconds": 0.0035240650177001953,
    "tokenize_seconds": 0.5781495571136475,
    "raw_chars": 992803,
    "tokens": 220600,
    "chars_per_second_read": 281720965.70678574,
    "tokens_per_second_tokenize": 381562.1706973589
  },
  "metrics": {
    "mean_loss": 3.161978234742146,
    "perplexity": 23.61727025199036,
    "bits_per_token": 4.561770318661333,
    "top1_accuracy": 0.4183835828811554,
    "tokens_evaluated": 220599,
    "batches_evaluated": 216,
    "windows_evaluated": 216,
    "processed_windows": 216,
    "expected_windows": 216,
    "stride_used": 1024,
    "evaluation_mode": "non-overlapping",
    "elapsed_seconds": 33.45252275466919,
    "tokens_per_second": 6594.390552180688,
    "windows_per_second": 6.456912131383318,
    "batches_per_second": 6.456912131383318
  },
  "total_script_seconds": 39.65932655334473,
  "cuda_memory": "allocated=14.97GB reserved=16.47GB peak=16.19GB",
  "compression_info": {}
}