{
  "input_file": "data/eval_wikitext103_test_shared_250k.txt",
  "model_id": "meta-llama/Meta-Llama-3-8B-Instruct",
  "model_variant": "original_fp",
  "compressed": null,
  "raw_chars": 992803,
  "tokenized_length": 220600,
  "block_size": 2048,
  "stride": 1024,
  "batch_size": 1,
  "load_mode": "fp",
  "dtype": "float16",
  "add_bos_token": false,
  "cache_dequantized": false,
  "tokenization_stats": {
    "read_seconds": 0.0014879703521728516,
    "tokenize_seconds": 0.47120070457458496,
    "raw_chars": 992803,
    "tokens": 220600,
    "chars_per_second_read": 667219611.2981894,
    "tokens_per_second_tokenize": 468165.68366374733
  },
  "metrics": {
    "mean_loss": 2.023540819835095,
    "perplexity": 7.565064095451006,
    "bits_per_token": 2.9193523058124793,
    "top1_accuracy": 0.5558411416189557,
    "tokens_evaluated": 220599,
    "batches_evaluated": 215,
    "windows_evaluated": 215,
    "processed_windows": 215,
    "expected_windows": 215,
    "stride_used": 1024,
    "evaluation_mode": "overlapping",
    "elapsed_seconds": 136.83182048797607,
    "tokens_per_second": 1612.190784375224,
    "windows_per_second": 1.5712719397670578,
    "batches_per_second": 1.5712719397670578
  },
  "total_script_seconds": 304.2724862098694,
  "cuda_memory": "allocated=14.97GB reserved=17.87GB max_allocated=17.41GB",
  "compression_info": {}
}