{
  "model_id": "meta-llama/Llama-2-7b-hf",
  "data_tag": "llama2",
  "seqlen": 2048,
  "dtype": "float16",
  "wikitext2": {
    "perplexity": 5.472077466598882,
    "windows": 166,
    "seqlen": 2048,
    "seconds": 52.81224846839905
  },
  "c4": {
    "perplexity": 7.263858338577209,
    "windows": 256,
    "seqlen": 2048,
    "seconds": 84.81476068496704
  }
}