{
  "input_file": "data/eval_wikitext103_test_shared_250k.txt",
  "model_id": "compressed/mistral_elsa_s80_v9_kd64_cleanup64_exact80_fp16",
  "model_variant": "original_fp",
  "compressed": null,
  "raw_chars": 992803,
  "tokenized_length": 250000,
  "block_size": 1024,
  "stride": 1024,
  "batch_size": 1,
  "load_mode": "fp",
  "dtype": "float16",
  "add_bos_token": false,
  "cache_dequantized": false,
  "tokenization_stats": {
    "read_seconds": 0.007487058639526367,
    "tokenize_seconds": 0.6070008277893066,
    "raw_chars": 992803,
    "tokens": 250000,
    "chars_per_second_read": 132602540.97099003,
    "tokens_per_second_tokenize": 411861.05282672925
  },
  "metrics": {
    "mean_loss": 2.9721034171783933,
    "perplexity": 19.532962384470046,
    "bits_per_token": 4.2878388609724105,
    "top1_accuracy": 0.44134576538306153,
    "tokens_evaluated": 249999,
    "batches_evaluated": 245,
    "windows_evaluated": 245,
    "processed_windows": 245,
    "expected_windows": 245,
    "stride_used": 1024,
    "evaluation_mode": "non-overlapping",
    "elapsed_seconds": 70.6496353149414,
    "tokens_per_second": 3538.5745288784065,
    "windows_per_second": 3.4678169095684765,
    "batches_per_second": 3.4678169095684765
  },
  "total_script_seconds": 107.56959009170532,
  "cuda_memory": "allocated=13.51GB reserved=13.85GB peak=13.82GB",
  "compression_info": {}
}