{
  "input_file": "data/eval_wikitext103_test_shared_250k.txt",
  "model_id": "compressed/mistral_elsa_s80_v9e_4096calib_seq2048_kd65_top128_cleanup1024_norecon_exact80_fp16",
  "model_variant": "original_fp",
  "compressed": null,
  "raw_chars": 992803,
  "tokenized_length": 250000,
  "block_size": 1024,
  "stride": 1024,
  "batch_size": 1,
  "load_mode": "fp",
  "dtype": "float16",
  "add_bos_token": false,
  "cache_dequantized": false,
  "tokenization_stats": {
    "read_seconds": 0.0017271041870117188,
    "tokenize_seconds": 0.785977840423584,
    "raw_chars": 992803,
    "tokens": 250000,
    "chars_per_second_read": 574836774.4494754,
    "tokens_per_second_tokenize": 318075.12520361703
  },
  "metrics": {
    "mean_loss": 2.83749008829787,
    "perplexity": 17.072860343580988,
    "bits_per_token": 4.093632878958925,
    "top1_accuracy": 0.4599178396713587,
    "tokens_evaluated": 249999,
    "batches_evaluated": 245,
    "windows_evaluated": 245,
    "processed_windows": 245,
    "expected_windows": 245,
    "stride_used": 1024,
    "evaluation_mode": "non-overlapping",
    "elapsed_seconds": 35.88019609451294,
    "tokens_per_second": 6967.604060509348,
    "windows_per_second": 6.8282792924163305,
    "batches_per_second": 6.8282792924163305
  },
  "total_script_seconds": 40.95378017425537,
  "cuda_memory": "allocated=13.51GB reserved=13.85GB peak=13.82GB",
  "compression_info": {}
}