{
  "input_file": "data/eval_wikitext103_test_shared_250k.txt",
  "model_id": "compressed/mistral_elsa_s70_pure_v5_best_ctx256_accum2",
  "model_variant": "original_fp",
  "compressed": null,
  "raw_chars": 992803,
  "tokenized_length": 250000,
  "block_size": 1024,
  "stride": 1024,
  "batch_size": 1,
  "load_mode": "fp",
  "dtype": "float16",
  "add_bos_token": false,
  "cache_dequantized": false,
  "tokenization_stats": {
    "read_seconds": 0.0012791156768798828,
    "tokenize_seconds": 0.604353666305542,
    "raw_chars": 992803,
    "tokens": 250000,
    "chars_per_second_read": 776163577.6536813,
    "tokens_per_second_tokenize": 413665.0672250707
  },
  "metrics": {
    "mean_loss": 2.498179381871008,
    "perplexity": 12.16033446944895,
    "bits_per_token": 3.6041110054763594,
    "top1_accuracy": 0.48108992435969744,
    "tokens_evaluated": 249999,
    "batches_evaluated": 245,
    "windows_evaluated": 245,
    "processed_windows": 245,
    "expected_windows": 245,
    "stride_used": 1024,
    "evaluation_mode": "non-overlapping",
    "elapsed_seconds": 70.66726469993591,
    "tokens_per_second": 3537.691759565539,
    "windows_per_second": 3.4669517921813973,
    "batches_per_second": 3.4669517921813973
  },
  "total_script_seconds": 107.66992282867432,
  "cuda_memory": "allocated=13.51GB reserved=13.85GB peak=13.82GB",
  "compression_info": {}
}