{
  "model_id": "mistralai/Mistral-7B-Instruct-v0.3",
  "model_variant": "alpha_sparsegpt",
  "alpha_sparse": "compressed/mistral_alpha_sparsegpt_s60_bf16_1024.pt",
  "input_file": "data/eval_wikitext103_test_shared_250k.txt",
  "raw_chars": 992803,
  "tokenized_length": 250000,
  "block_size": 2048,
  "stride": 1024,
  "batch_size": 1,
  "dtype": "bfloat16",
  "cache_dequantized": false,
  "metrics": {
    "mean_loss": 2.1520566912650954,
    "perplexity": 8.602532969794753,
    "bits_per_token": 3.1047615162000644,
    "top1_accuracy": 0.528434113736455,
    "tokens_evaluated": 249999,
    "windows_evaluated": 244,
    "expected_windows": 244,
    "batches_evaluated": 244,
    "stride_used": 1024,
    "evaluation_mode": "overlapping",
    "elapsed_seconds": 263.986159324646,
    "tokens_per_second": 947.0155580867222,
    "windows_per_second": 0.9242908818561684
  },
  "compression_info": {
    "method": "AlphaPruning_blockwise_allocation_plus_SparseGPT_pure_pruning",
    "model_id": "mistralai/Mistral-7B-Instruct-v0.3",
    "target_sparsity": 0.6,
    "actual_sparsity": 0.6000025822566106,
    "alpha_s1": 0.4,
    "alpha_s2": 0.8,
    "min_sparsity": 0.2,
    "max_sparsity": 0.9,
    "alpha_tail_fraction": 0.2,
    "alpha_max_svd_dim": 4096,
    "percdamp": 0.1,
    "blocksize": 128,
    "row_wise": true,
    "calibration_source": "data/calib_wikitext103_train_128x2048_mistral.pt",
    "model_dtype": "bfloat16",
    "hidden_cache_dtype": "float16",
    "hessian_dtype": "float32",
    "value_dtype": "float16",
    "suffixes": [
      "q_proj",
      "k_proj",
      "v_proj",
      "o_proj",
      "gate_proj",
      "up_proj",
      "down_proj"
    ],
    "decoder_path": "model.layers",
    "block_alpha": {
      "0": 2.5890754654268284,
      "1": 2.9445761256688243,
      "2": 3.289164007942316,
      "3": 3.292999996194747,
      "4": 3.3177950605297024,
      "5": 3.3315948474356336,
      "6": 3.2865615718976553,
      "7": 3.21176235012827,
      "8": 3.1708176077425665,
      "9": 3.1141206145287983,
      "10": 3.130458643477517,
      "11": 3.083166946065207,
      "12": 3.0866465115759016,
      "13": 3.1061131588295288,
      "14": 3.171214910286019,
      "15": 3.232033691699994,
      "16": 3.253891608033268,
      "17": 3.3057702887606957,
      "18": 3.363161295527552,
      "19": 3.4303258212411105,
      "20": 3.4646123003008715,
      "21": 3.4968762112700755,
      "22": 3.537204793051134,
      "23": 3.528892983687631,
      "24": 3.553311142347515,
      "25": 3.51708180227951,
      "26": 3.4592068938585547,
      "27": 3.4902723906194413,
      "28": 3.447799256564236,
      "29": 3.4742134684759973,
      "30": 3.360236444595536,
      "31": 3.2242429606471483
    },
    "block_sparsities": {
      "0": 0.3475354313850403,
      "1": 0.47566694021224976,
      "2": 0.5998653769493103,
      "3": 0.601248025894165,
      "4": 0.6101847290992737,
      "5": 0.6151586174964905,
      "6": 0.59892737865448,
      "7": 0.5719678401947021,
      "8": 0.5572103261947632,
      "9": 0.5367752909660339,
      "10": 0.5426638722419739,
      "11": 0.5256186723709106,
      "12": 0.5268728733062744,
      "13": 0.5338891744613647,
      "14": 0.5573534369468689,
      "15": 0.5792741179466248,
      "16": 0.587152361869812,
      "17": 0.6058507561683655,
      "18": 0.6265358924865723,
      "19": 0.6507437825202942,
      "20": 0.6631014347076416,
      "21": 0.6747303009033203,
      "22": 0.6892657279968262,
      "23": 0.6862699389457703,
      "24": 0.6950708627700806,
      "25": 0.6820128560066223,
      "26": 0.661153256893158,
      "27": 0.6723500490188599,
      "28": 0.6570416688919067,
      "29": 0.6665619611740112,
      "30": 0.6254817247390747,
      "31": 0.5764661431312561
    },
    "layer_alpha": {
      "model.layers.0.self_attn.q_proj": 1.4098038511464677,
      "model.layers.0.self_attn.k_proj": 1.451737069797716,
      "model.layers.0.self_attn.v_proj": 3.0372857712704353,
      "model.layers.0.self_attn.o_proj": 1.9954448471757837,
      "model.layers.0.mlp.gate_proj": 2.328598688124125,
      "model.layers.0.mlp.up_proj": 2.6787368278826653,
      "model.layers.0.mlp.down_proj": 3.3156578102673486,
      "model.layers.1.self_attn.q_proj": 1.5933412749158307,
      "model.layers.1.self_attn.k_proj": 1.785778446983783,
      "model.layers.1.self_attn.v_proj": 4.002297051510134,
      "model.layers.1.self_attn.o_proj": 2.848586802255914,
      "model.layers.1.mlp.gate_proj": 2.5982337894487593,
      "model.layers.1.mlp.up_proj": 2.977111266966459,
      "model.layers.1.mlp.down_proj": 3.679095709841779,
      "model.layers.2.self_attn.q_proj": 2.395748377650711,
      "model.layers.2.self_attn.k_proj": 3.5407454294068335,
      "model.layers.2.self_attn.v_proj": 4.771712367796757,
      "model.layers.2.self_attn.o_proj": 2.7536858976872276,
      "model.layers.2.mlp.gate_proj": 3.184945600643247,
      "model.layers.2.mlp.up_proj": 3.56844240196571,
      "model.layers.2.mlp.down_proj": 3.398492962708549,
      "model.layers.3.self_attn.q_proj": 2.225873283664979,
      "model.layers.3.self_attn.k_proj": 2.6857627375977384,
      "model.layers.3.self_attn.v_proj": 4.935789662022213,
      "model.layers.3.self_attn.o_proj": 3.0988958210789517,
      "model.layers.3.mlp.gate_proj": 3.1468114876247326,
      "model.layers.3.mlp.up_proj": 3.6610446623713675,
      "model.layers.3.mlp.down_proj": 3.3575274916846993,
      "model.layers.4.self_attn.q_proj": 2.180720665261962,
      "model.layers.4.self_attn.k_proj": 2.919723545908952,
      "model.layers.4.self_attn.v_proj": 4.578733370128777,
      "model.layers.4.self_attn.o_proj": 2.691192355558726,
      "model.layers.4.mlp.gate_proj": 3.1343562425107234,
      "model.layers.4.mlp.up_proj": 3.7752120963999998,
      "model.layers.4.mlp.down_proj": 3.4860912431052795,
      "model.layers.5.self_attn.q_proj": 2.3559679381722494,
      "model.layers.5.self_attn.k_proj": 2.920115891141105,
      "model.layers.5.self_attn.v_proj": 5.436223150456504,
      "model.layers.5.self_attn.o_proj": 3.0440969665598065,
      "model.layers.5.mlp.gate_proj": 3.0455568520839464,
      "model.layers.5.mlp.up_proj": 3.777265841658648,
      "model.layers.5.mlp.down_proj": 3.411915406695056,
      "model.layers.6.self_attn.q_proj": 2.2592361529495895,
      "model.layers.6.self_attn.k_proj": 3.050442401970884,
      "model.layers.6.self_attn.v_proj": 4.634693902810771,
      "model.layers.6.self_attn.o_proj": 2.8191385196748255,
      "model.layers.6.mlp.gate_proj": 3.18167806106099,
      "model.layers.6.mlp.up_proj": 3.7263834594410086,
      "model.layers.6.mlp.down_proj": 3.299264675455057,
      "model.layers.7.self_attn.q_proj": 2.1811587409689985,
      "model.layers.7.self_attn.k_proj": 2.6152275904256004,
      "model.layers.7.self_attn.v_proj": 4.904249850973874,
      "model.layers.7.self_attn.o_proj": 2.6902322408888697,
      "model.layers.7.mlp.gate_proj": 3.053764615102877,
      "model.layers.7.mlp.up_proj": 3.6157995823413738,
      "model.layers.7.mlp.down_proj": 3.330907290972828,
      "model.layers.8.self_attn.q_proj": 2.208594447966654,
      "model.layers.8.self_attn.k_proj": 2.8553231367214122,
      "model.layers.8.self_attn.v_proj": 3.920283905864074,
      "model.layers.8.self_attn.o_proj": 2.580320426446977,
      "model.layers.8.mlp.gate_proj": 3.1010900430521207,
      "model.layers.8.mlp.up_proj": 3.5606111348690708,
      "model.layers.8.mlp.down_proj": 3.263388040819769,
      "model.layers.9.self_attn.q_proj": 2.189507474525553,
      "model.layers.9.self_attn.k_proj": 3.209174610626414,
      "model.layers.9.self_attn.v_proj": 4.209385104629337,
      "model.layers.9.self_attn.o_proj": 2.560233447317557,
      "model.layers.9.mlp.gate_proj": 3.054753685591584,
      "model.layers.9.mlp.up_proj": 3.5010448904002045,
      "model.layers.9.mlp.down_proj": 3.1239691777845913,
      "model.layers.10.self_attn.q_proj": 2.193033574500717,