{
  "input_file": "data/eval_wikitext103_test_shared_250k.txt",
  "model_id": "mistralai/Mistral-7B-Instruct-v0.3",
  "model_variant": "original_fp",
  "compressed": null,
  "raw_chars": 992803,
  "tokenized_length": 250000,
  "block_size": 2048,
  "stride": 1024,
  "batch_size": 1,
  "load_mode": "fp",
  "dtype": "float16",
  "add_bos_token": false,
  "cache_dequantized": false,
  "tokenization_stats": {
    "read_seconds": 0.0011582374572753906,
    "tokenize_seconds": 0.5826482772827148,
    "raw_chars": 992803,
    "tokens": 250000,
    "chars_per_second_read": 857167063.4236311,
    "tokens_per_second_tokenize": 429075.32682653767
  },
  "metrics": {
    "mean_loss": 1.6634984401065458,
    "perplexity": 5.277742450574128,
    "bits_per_token": 2.39992095006824,
    "top1_accuracy": 0.6088824355297421,
    "tokens_evaluated": 249999,
    "batches_evaluated": 244,
    "windows_evaluated": 244,
    "processed_windows": 244,
    "expected_windows": 244,
    "stride_used": 1024,
    "evaluation_mode": "overlapping",
    "elapsed_seconds": 147.99125838279724,
    "tokens_per_second": 1689.2822098542297,
    "windows_per_second": 1.6487460318018552,
    "batches_per_second": 1.6487460318018552
  },
  "total_script_seconds": 301.1809494495392,
  "cuda_memory": "allocated=13.51GB reserved=14.59GB max_allocated=14.13GB",
  "compression_info": {}
}