{
  "input_file": "data/eval_wikitext103_test_shared_250k.txt",
  "model_id": "compressed/mistral_elsa_s80_wikitext103_persistent",
  "model_variant": "original_fp",
  "compressed": null,
  "raw_chars": 992803,
  "tokenized_length": 250000,
  "block_size": 1024,
  "stride": 1024,
  "batch_size": 1,
  "load_mode": "fp",
  "dtype": "float16",
  "add_bos_token": false,
  "cache_dequantized": false,
  "tokenization_stats": {
    "read_seconds": 0.0076596736907958984,
    "tokenize_seconds": 0.6195118427276611,
    "raw_chars": 992803,
    "tokens": 250000,
    "chars_per_second_read": 129614268.1891244,
    "tokens_per_second_tokenize": 403543.53663243947
  },
  "metrics": {
    "mean_loss": 11.250125998028254,
    "perplexity": 76889.60709325981,
    "bits_per_token": 16.230500986731364,
    "top1_accuracy": 2.8000112000448002e-05,
    "tokens_evaluated": 249999,
    "batches_evaluated": 245,
    "windows_evaluated": 245,
    "processed_windows": 245,
    "expected_windows": 245,
    "stride_used": 1024,
    "evaluation_mode": "non-overlapping",
    "elapsed_seconds": 69.19522595405579,
    "tokens_per_second": 3612.951566427346,
    "windows_per_second": 3.540706697925591,
    "batches_per_second": 3.540706697925591
  },
  "total_script_seconds": 104.79001188278198,
  "cuda_memory": "allocated=13.51GB reserved=13.85GB peak=13.82GB",
  "compression_info": {}
}