{
  "input_file": "data/eval_wikitext103_test_shared_250k.txt",
  "model_id": "mistralai/Mistral-7B-Instruct-v0.3",
  "model_variant": "original_nf4",
  "compressed": null,
  "raw_chars": 992803,
  "tokenized_length": 250000,
  "block_size": 2048,
  "stride": 1024,
  "batch_size": 1,
  "load_mode": "nf4",
  "dtype": "float16",
  "add_bos_token": false,
  "cache_dequantized": false,
  "tokenization_stats": {
    "read_seconds": 0.003194570541381836,
    "tokenize_seconds": 0.6581802368164062,
    "raw_chars": 992803,
    "tokens": 250000,
    "chars_per_second_read": 310778236.74244344,
    "tokens_per_second_tokenize": 379835.16674587625
  },
  "metrics": {
    "mean_loss": 1.6819539445115637,
    "perplexity": 5.37605021901344,
    "bits_per_token": 2.4265466147504635,
    "top1_accuracy": 0.6057624230496922,
    "tokens_evaluated": 249999,
    "batches_evaluated": 244,
    "windows_evaluated": 244,
    "processed_windows": 244,
    "expected_windows": 244,
    "stride_used": 1024,
    "evaluation_mode": "overlapping",
    "elapsed_seconds": 204.27802228927612,
    "tokens_per_second": 1223.8174092266217,
    "windows_per_second": 1.1944505692074596,
    "batches_per_second": 1.1944505692074596
  },
  "total_script_seconds": 215.1815619468689,
  "cuda_memory": "allocated=3.87GB reserved=5.24GB max_allocated=4.98GB",
  "compression_info": {}
}