{
  "input_file": "data/eval_wikitext103_test_shared_250k.txt",
  "model_id": "Qwen/Qwen2.5-7B-Instruct",
  "model_variant": "original_fp",
  "compressed": null,
  "raw_chars": 992803,
  "tokenized_length": 228043,
  "block_size": 2048,
  "stride": 1024,
  "batch_size": 1,
  "load_mode": "fp",
  "dtype": "float16",
  "add_bos_token": false,
  "cache_dequantized": false,
  "tokenization_stats": {
    "read_seconds": 0.0025904178619384766,
    "tokenize_seconds": 0.5796389579772949,
    "raw_chars": 992803,
    "tokens": 228043,
    "chars_per_second_read": 383259787.76916707,
    "tokens_per_second_tokenize": 393422.48629349837
  },
  "metrics": {
    "mean_loss": 1.893536300306887,
    "perplexity": 6.642818194364664,
    "bits_per_token": 2.731795430195981,
    "top1_accuracy": 0.5646898378368896,
    "tokens_evaluated": 228042,
    "batches_evaluated": 222,
    "windows_evaluated": 222,
    "processed_windows": 222,
    "expected_windows": 222,
    "stride_used": 1024,
    "evaluation_mode": "overlapping",
    "elapsed_seconds": 125.89316821098328,
    "tokens_per_second": 1811.3929710453103,
    "windows_per_second": 1.7633998981418286,
    "batches_per_second": 1.7633998981418286
  },
  "total_script_seconds": 286.24551248550415,
  "cuda_memory": "allocated=14.24GB reserved=17.59GB max_allocated=17.14GB",
  "compression_info": {}
}